name,version,type,license,category
"Simple Launcher","1.1.0.14","binary","UNKNOWN","unknown"
"Simple Launcher","1.1.0.14","binary","UNKNOWN","unknown"
"Simple Launcher","1.1.0.14","binary","UNKNOWN","unknown"
"Simple Launcher","1.1.0.14","binary","UNKNOWN","unknown"
"Simple Launcher","1.1.0.14","binary","UNKNOWN","unknown"
"Simple Launcher","1.1.0.14","binary","UNKNOWN","unknown"
"Simple Launcher","1.1.0.14","binary","UNKNOWN","unknown"
"Simple Launcher","1.1.0.14","binary","UNKNOWN","unknown"
"Simple Launcher","1.1.0.14","binary","UNKNOWN","unknown"
"Simple Launcher","1.1.0.14","binary","UNKNOWN","unknown"
"Simple Launcher","1.1.0.14","binary","UNKNOWN","unknown"
"Simple Launcher","1.1.0.14","binary","UNKNOWN","unknown"
"acl","2.4.0-2.el9","rpm","GPLv2+","copyleft"
"adal","1.2.7","python","MIT","permissive"
"aiodns","3.5.0","python","MIT","permissive"
"aiofiles","24.1.0","python","Apache-2.0","permissive"
"aiohappyeyeballs","2.6.1","python","PSF-2.0","permissive"
"aiohttp","3.14.1","python","Apache-2.0 AND MIT","permissive"
"aiohttp-retry","2.9.1","python","MIT","permissive"
"aiosignal","1.4.0","python","Apache 2.0","permissive"
"alternatives","1.24-2.el9","rpm","GPL-2.0-only","copyleft"
"ansi2html","1.9.2","python","LGPLv3+","weak-copyleft"
"ansible-runner","2.4.1.dev64+g27bdfc3b4","python","Apache-2.0","permissive"
"apr","1.7.0-12.el9","rpm","ASL 2.0 and BSD with advertising and ISC and BSD","permissive"
"apr-util","1.6.1-23.el9","rpm","ASL 2.0","permissive"
"apr-util-bdb","1.6.1-23.el9","rpm","ASL 2.0","permissive"
"apr-util-openssl","1.6.1-23.el9","rpm","ASL 2.0","permissive"
"asgiref","3.11.0","python","BSD-3-Clause","permissive"
"asn1","3.1.0","python","BSD","permissive"
"attr","2.6.0-2.el9","rpm","GPLv2+","copyleft"
"attrs","25.4.0","python","MIT","permissive"
"audit-libs","3.1.5-8.el9","rpm","LGPLv2+","weak-copyleft"
"autobahn","24.4.2","python","MIT License","permissive"
"autocommand","2.2.2","python","LGPLv3","weak-copyleft"
"autocommand","2.2.2","python","LGPLv3","weak-copyleft"
"automat","25.4.16","python","MIT","permissive"
"awx","25.0.0.dev0","python","UNKNOWN","unknown"
"awx-plugins-core","0.2.0a1.dev7+g7c6a7cf97","python","Apache-2.0","permissive"
"awx-plugins-interfaces","0.0.1a6.dev599+gb52a9f809","python","Apache-2.0","permissive"
"azure-core","1.35.1","python","MIT License","permissive"
"azure-identity","1.25.1","python","MIT","permissive"
"azure-keyvault","4.2.0","python","MIT License","permissive"
"azure-keyvault-certificates","4.10.0","python","MIT License","permissive"
"azure-keyvault-keys","4.11.0","python","MIT License","permissive"
"azure-keyvault-secrets","4.10.0","python","MIT License","permissive"
"backports-tarfile","1.2.0","python","MIT","permissive"
"backports-zstd","1.6.0","python","PSF-2.0","permissive"
"basesystem","11-13.el9","rpm","Public Domain","permissive"
"bash","5.1.8-9.el9","rpm","GPLv3+","copyleft"
"boto3","1.40.46","python","Apache License 2.0","permissive"
"botocore","1.40.46","python","Apache License 2.0","permissive"
"brotli","1.2.0","python","MIT","permissive"
"build","1.5.0","python","MIT","permissive"
"bzip2-libs","1.0.8-11.el9","rpm","BSD","permissive"
"ca-certificates","2025.2.80_v9.0.305-91.el9","rpm","MIT AND GPL-2.0-or-later","copyleft"
"cachetools","6.2.0","python","MIT","permissive"
"centos-gpg-keys","9.0-38.el9","rpm","GPLv2","copyleft"
"centos-logos-httpd","90.9-1.el9","rpm","Licensed only for approved usage, see COPYING for details.","permissive"
"centos-stream-release","9.0-38.el9","rpm","GPLv2","copyleft"
"centos-stream-repos","9.0-38.el9","rpm","GPLv2","copyleft"
"certifi","2038.12.31","python","Mozilla Public License 2.0","permissive"
"cffi","2.0.0","python","MIT","permissive"
"channels","4.3.1","python","BSD","permissive"
"channels-redis","4.3.0","python","BSD","permissive"
"charset-normalizer","3.4.3","python","MIT","permissive"
"cli","UNKNOWN","binary","UNKNOWN","unknown"
"cli-32","UNKNOWN","binary","UNKNOWN","unknown"
"cli-64","UNKNOWN","binary","UNKNOWN","unknown"
"cli-arm64","UNKNOWN","binary","UNKNOWN","unknown"
"click","8.1.8","python","BSD-3-Clause","permissive"
"constantly","23.10.4","python","MIT","permissive"
"coreutils-single","8.32-43.el9","rpm","GPLv3+","copyleft"
"cracklib","2.9.6-28.el9","rpm","LGPLv2+","weak-copyleft"
"cracklib-dicts","2.9.6-28.el9","rpm","LGPLv2+","weak-copyleft"
"crypto-policies","20260714-1.git65b74f7.el9","rpm","LGPL-2.1-or-later","weak-copyleft"
"crypto-policies-scripts","20260714-1.git65b74f7.el9","rpm","LGPL-2.1-or-later","weak-copyleft"
"cryptography","46.0.3","python","Apache-2.0 OR BSD-3-Clause","permissive"
"curl-minimal","7.76.1-43.el9","rpm","MIT","permissive"
"cyrus-sasl-lib","2.1.27-21.el9","rpm","BSD with advertising","permissive"
"cython","3.1.3","python","Apache-2.0","permissive"
"daphne","4.2.2","python","BSD","permissive"
"dbus","1:1.12.20-10.el9","rpm","(GPLv2+ or AFL) and GPLv2+","copyleft"
"dbus-broker","28-9.el9","rpm","ASL 2.0","permissive"
"dbus-common","1:1.12.20-10.el9","rpm","(GPLv2+ or AFL) and GPLv2+","copyleft"
"dbus-libs","1:1.12.20-10.el9","rpm","(GPLv2+ or AFL) and GPLv2+","copyleft"
"dbus-python","1.2.18","python","Expat (MIT/X11)","permissive"
"dejavu-sans-fonts","2.37-18.el9","rpm","Bitstream Vera and Public Domain","permissive"
"dispatcherd","2026.3.25","python","Apache-2.0","permissive"
"distlib","0.4.3","python","PSF-2.0","permissive"
"distro","1.9.0","python","Apache License, Version 2.0","permissive"
"django","5.2.8","python","BSD-3-Clause","permissive"
"django-ansible-base","2026.8.14.0.dev54+gf90ed8aec","python","Apache-2.0","permissive"
"django-cors-headers","4.9.0","python","MIT","permissive"
"django-crum","0.7.9","python","BSD","permissive"
"django-extensions","4.1","python","MIT","permissive"
"django-flags","5.1.0","python","CC0-1.0","permissive"
"django-guid","3.5.2","python","MIT","permissive"
"django-polymorphic","4.1.0","python","UNKNOWN","unknown"
"django-solo","2.4.0","python","Creative Commons Attribution 3.0 Unported","permissive"
"djangorestframework","3.15.2","python","BSD","permissive"
"djangorestframework-yaml","2.0.0","python","BSD","permissive"
"dnf","4.14.0-37.el9","rpm","GPLv2+","copyleft"
"dnf-data","4.14.0-37.el9","rpm","GPLv2+","copyleft"
"drf-spectacular","0.29.0","python","BSD-3-Clause","permissive"
"dumb-init","1.2.5.post1","python","UNKNOWN","unknown"
"durationpy","0.10","python","MIT","permissive"
"dynaconf","3.2.12","python","MIT","permissive"
"elfutils-default-yama-scope","0.195-1.el9","rpm","GPL-2.0-or-later OR LGPL-3.0-or-later","weak-copyleft"
"elfutils-libelf","0.195-1.el9","rpm","GPL-2.0-or-later OR LGPL-3.0-or-later","weak-copyleft"
"elfutils-libs","0.195-1.el9","rpm","GPL-2.0-or-later OR LGPL-3.0-or-later","weak-copyleft"
"enum-compat","0.0.3","python","MIT","permissive"
"expat","2.5.0-7.el9","rpm","MIT","permissive"
"file-libs","5.39-19.el9","rpm","BSD","permissive"
"filelock","3.19.1","python","Unlicense","permissive"
"filelock","3.32.3","python","MIT","permissive"
"filesystem","3.16-5.el9","rpm","Public Domain","permissive"
"findutils","1:4.8.0-7.el9","rpm","GPLv3+","copyleft"
"fonts-filesystem","1:2.0.5-7.el9.1","rpm","MIT","permissive"
"frozenlist","1.8.0","python","Apache-2.0","permissive"
"gawk","5.1.0-6.el9","rpm","GPLv3+ and GPLv2+ and LGPLv2+ and BSD","weak-copyleft"
"gdb-gdbserver","17.2-2.el9","rpm","GPL-3.0-or-later AND BSD-3-Clause AND FSFAP AND LGPL-2.1-or-later AND GPL-2.0-or-later AND LGPL-2.0-or-later AND LicenseRef-Fedora-Public-Domain AND GFDL-1.3-or-later AND LGPL-2.0-or-later WITH GCC-exception-2.0 AND GPL-3.0-or-later WITH GCC-exception-3.1 AND GPL-2.0-or-later WITH GNU-compiler-exception AND MIT","weak-copyleft"
"gdbm-libs","1:1.23-1.el9","rpm","GPLv3+","copyleft"
"git-core","2.52.0-1.el9","rpm","GPLv2","copyleft"
"git-lfs","3.7.1-6.el9","rpm","MIT","permissive"
"gitdb","4.0.12","python","BSD License","permissive"
"github.com/git-lfs/git-lfs/v3","UNKNOWN","go-module","UNKNOWN","unknown"
"gitpython","3.1.45","python","BSD-3-Clause","permissive"
"glib2","2.68.4-21.el9","rpm","LGPLv2+","weak-copyleft"
"glibc","2.34-276.el9","rpm","LGPL-2.1-or-later AND SunPro AND LGPL-2.1-or-later WITH GCC-exception-2.0 AND BSD-3-Clause AND GPL-2.0-or-later AND LGPL-2.1-or-later WITH GNU-compiler-exception AND GPL-2.0-only AND ISC AND LicenseRef-Fedora-Public-Domain AND HPND AND CMU-Mach AND LGPL-2.0-or-later AND Unicode-3.0 AND GFDL-1.1-or-later AND GPL-1.0-or-later AND FSFUL AND MIT AND Inner-Net-2.0 AND X11 AND GPL-2.0-or-later WITH GCC-exception-2.0 AND GFDL-1.3-only AND GFDL-1.1-only AND GPL-3.0-or-later AND GPL-3.0-or-later WITH Autoconf-exception-generic-3.0 AND GPL-3.0-or-later WITH Texinfo-exception","weak-copyleft"
"glibc-common","2.34-276.el9","rpm","LGPL-2.1-or-later AND SunPro AND LGPL-2.1-or-later WITH GCC-exception-2.0 AND BSD-3-Clause AND GPL-2.0-or-later AND LGPL-2.1-or-later WITH GNU-compiler-exception AND GPL-2.0-only AND ISC AND LicenseRef-Fedora-Public-Domain AND HPND AND CMU-Mach AND LGPL-2.0-or-later AND Unicode-3.0 AND GFDL-1.1-or-later AND GPL-1.0-or-later AND FSFUL AND MIT AND Inner-Net-2.0 AND X11 AND GPL-2.0-or-later WITH GCC-exception-2.0 AND GFDL-1.3-only AND GFDL-1.1-only AND GPL-3.0-or-later AND GPL-3.0-or-later WITH Autoconf-exception-generic-3.0 AND GPL-3.0-or-later WITH Texinfo-exception","weak-copyleft"
"glibc-langpack-en","2.34-276.el9","rpm","LGPL-2.1-or-later AND SunPro AND LGPL-2.1-or-later WITH GCC-exception-2.0 AND BSD-3-Clause AND GPL-2.0-or-later AND LGPL-2.1-or-later WITH GNU-compiler-exception AND GPL-2.0-only AND ISC AND LicenseRef-Fedora-Public-Domain AND HPND AND CMU-Mach AND LGPL-2.0-or-later AND Unicode-3.0 AND GFDL-1.1-or-later AND GPL-1.0-or-later AND FSFUL AND MIT AND Inner-Net-2.0 AND X11 AND GPL-2.0-or-later WITH GCC-exception-2.0 AND GFDL-1.3-only AND GFDL-1.1-only AND GPL-3.0-or-later AND GPL-3.0-or-later WITH Autoconf-exception-generic-3.0 AND GPL-3.0-or-later WITH Texinfo-exception","weak-copyleft"
"glibc-minimal-langpack","2.34-276.el9","rpm","LGPL-2.1-or-later AND SunPro AND LGPL-2.1-or-later WITH GCC-exception-2.0 AND BSD-3-Clause AND GPL-2.0-or-later AND LGPL-2.1-or-later WITH GNU-compiler-exception AND GPL-2.0-only AND ISC AND LicenseRef-Fedora-Public-Domain AND HPND AND CMU-Mach AND LGPL-2.0-or-later AND Unicode-3.0 AND GFDL-1.1-or-later AND GPL-1.0-or-later AND FSFUL AND MIT AND Inner-Net-2.0 AND X11 AND GPL-2.0-or-later WITH GCC-exception-2.0 AND GFDL-1.3-only AND GFDL-1.1-only AND GPL-3.0-or-later AND GPL-3.0-or-later WITH Autoconf-exception-generic-3.0 AND GPL-3.0-or-later WITH Texinfo-exception","weak-copyleft"
"gmp","1:6.2.0-13.el9","rpm","LGPLv3+ or GPLv2+","weak-copyleft"
"gnupg2","2.3.3-5.el9","rpm","GPLv3+","copyleft"
"gnutls","3.8.10-8.el9","rpm","GPLv3+ and LGPLv2+","weak-copyleft"
"googleapis-common-protos","1.70.0","python","Apache 2.0","permissive"
"gpg","1.15.1","python","LGPL2.1+ (the library), GPL2+ (tests and examples)","weak-copyleft"
"gpg-pubkey","8483c65d-5ccc5b19","rpm","pubkey","permissive"
"gpgme","1.15.1-6.el9","rpm","LGPLv2+ and GPLv3+","weak-copyleft"
"grep","3.6-5.el9","rpm","GPLv3+","copyleft"
"grpcio","1.75.1","python","Apache License 2.0","permissive"
"gui","UNKNOWN","binary","UNKNOWN","unknown"
"gui-32","UNKNOWN","binary","UNKNOWN","unknown"
"gui-64","UNKNOWN","binary","UNKNOWN","unknown"
"gui-arm64","UNKNOWN","binary","UNKNOWN","unknown"
"gzip","1.12-1.el9","rpm","GPLv3+ and GFDL","copyleft"
"hiredis","3.2.1","python","MIT","permissive"
"hyperlink","21.0.0","python","MIT","permissive"
"idna","3.10","python","BSD-3-Clause","permissive"
"ima-evm-utils","1.6.2-4.el9","rpm","GPLv2","copyleft"
"importlib-metadata","8.0.0","python","Apache-2.0","permissive"
"importlib-metadata","8.7.0","python","UNKNOWN","unknown"
"incremental","24.7.2","python","sha256:d043bc8899b4695de1f4511d8f507b927e11723b981ce600fa3ef7b73954afa5","permissive"
"inflect","7.3.1","python","MIT","permissive"
"inflection","0.5.1","python","MIT","permissive"
"irc","20.5.0","python","MIT","permissive"
"isodate","0.7.2","python","BSD-3-Clause","permissive"
"jaraco-collections","5.1.0","python","MIT","permissive"
"jaraco-collections","5.2.1","python","MIT","permissive"
"jaraco-context","5.3.0","python","MIT","permissive"
"jaraco-context","6.0.1","python","MIT","permissive"
"jaraco-functools","4.0.1","python","MIT","permissive"
"jaraco-functools","4.3.0","python","MIT","permissive"
"jaraco-logging","3.4.0","python","MIT","permissive"
"jaraco-stream","3.0.4","python","MIT","permissive"
"jaraco-text","3.12.1","python","MIT","permissive"
"jaraco-text","4.0.0","python","MIT","permissive"
"jinja2","3.1.6","python","UNKNOWN","unknown"
"jmespath","1.0.1","python","MIT","permissive"
"jq","1.10.0","python","BSD 2-Clause","permissive"
"json-c","0.14-11.el9","rpm","MIT","permissive"
"json-log-formatter","1.1.1","python","MIT","permissive"
"jsonschema","4.25.1","python","MIT","permissive"
"jsonschema-specifications","2025.9.1","python","MIT","permissive"
"keyutils","1.6.3-1.el9","rpm","GPLv2+ and LGPLv2+","weak-copyleft"
"keyutils-libs","1.6.3-1.el9","rpm","GPLv2+ and LGPLv2+","weak-copyleft"
"kmod-libs","28-11.el9","rpm","LGPLv2+","weak-copyleft"
"krb5-libs","1.21.1-10.el9","rpm","MIT","permissive"
"krb5-pkinit","1.21.1-10.el9","rpm","MIT","permissive"
"krb5-workstation","1.21.1-10.el9","rpm","MIT","permissive"
"kubernetes","36.0.2","python","Apache License Version 2.0","permissive"
"langpacks-core-en","3.0-16.el9","rpm","GPLv2+","copyleft"
"langpacks-core-font-en","3.0-16.el9","rpm","GPLv2+","copyleft"
"langpacks-en","3.0-16.el9","rpm","GPLv2+","copyleft"
"less","590-6.el9","rpm","GPLv3+ or BSD","copyleft"
"libacl","2.4.0-2.el9","rpm","LGPLv2+","weak-copyleft"
"libarchive","3.5.3-9.el9","rpm","BSD","permissive"
"libassuan","2.5.5-3.el9","rpm","LGPLv2+ and GPLv3+","weak-copyleft"
"libattr","2.6.0-2.el9","rpm","LGPLv2+","weak-copyleft"
"libblkid","2.37.4-26.el9","rpm","LGPLv2+","weak-copyleft"
"libcap","2.48-10.el9","rpm","BSD or GPLv2","copyleft"
"libcap-ng","0.8.2-7.el9","rpm","LGPLv2+","weak-copyleft"
"libcbor","0.7.0-5.el9","rpm","MIT","permissive"
"libcom_err","1.46.5-8.el9","rpm","MIT","permissive"
"libcomps","0.1.18","python","GPLv2+","copyleft"
"libcomps","0.1.18-1.el9","rpm","GPLv2+","copyleft"
"libcurl-minimal","7.76.1-43.el9","rpm","MIT","permissive"
"libdb","5.3.28-57.el9","rpm","BSD and LGPLv2 and Sleepycat and MIT","weak-copyleft"
"libdnf","0.69.0-20.el9","rpm","LGPLv2+","weak-copyleft"
"libeconf","0.4.1-7.el9","rpm","MIT","permissive"
"libedit","3.1-39.20210216cvs.el9","rpm","BSD","permissive"
"libestr","0.1.11-4.el9","rpm","LGPLv2+","weak-copyleft"
"libevent","2.1.12-8.el9","rpm","BSD and ISC","permissive"
"libfastjson","0.99.9-5.el9","rpm","MIT","permissive"
"libfdisk","2.37.4-26.el9","rpm","LGPLv2+","weak-copyleft"
"libffi","3.4.2-8.el9","rpm","MIT","permissive"
"libfido2","1.13.0-2.el9","rpm","BSD","permissive"
"libgcc","11.5.0-15.el9","rpm","GPLv3+ and GPLv3+ with exceptions and GPLv2+ with exceptions and LGPLv2+ and BSD","weak-copyleft"
"libgcrypt","1.10.0-13.el9","rpm","LGPLv2+","weak-copyleft"
"libgomp","11.5.0-15.el9","rpm","GPLv3+ and GPLv3+ with exceptions and GPLv2+ with exceptions and LGPLv2+ and BSD","weak-copyleft"
"libgpg-error","1.42-5.el9","rpm","LGPLv2+","weak-copyleft"
"libidn2","2.3.0-7.el9","rpm","(GPLv2+ or LGPLv3+) and GPLv3+","weak-copyleft"
"libkadm5","1.21.1-10.el9","rpm","MIT","permissive"
"libksba","1.5.1-7.el9","rpm","(LGPLv3+ or GPLv2+) and GPLv3+","weak-copyleft"
"libmodulemd","2.13.0-2.el9","rpm","MIT","permissive"
"libmount","2.37.4-26.el9","rpm","LGPLv2+","weak-copyleft"
"libnghttp2","1.43.0-7.el9","rpm","MIT","permissive"
"libnsl2","2.0.0-1.el9","rpm","BSD and LGPLv2+","weak-copyleft"
"libpkgconf","1.7.3-10.el9","rpm","ISC","permissive"
"libpq","13.23-1.el9","rpm","PostgreSQL","permissive"
"libpwquality","1.4.4-8.el9","rpm","BSD or GPLv2+","copyleft"
"librepo","1.19.0-1.el9","rpm","LGPL-2.1-or-later","weak-copyleft"
"libreport-filesystem","2.15.2-6.el9","rpm","GPLv2+","copyleft"
"libseccomp","2.5.6-1.el9","rpm","LGPLv2","weak-copyleft"
"libselinux","3.6-4.el9","rpm","Public Domain","permissive"
"libsemanage","3.6-5.el9","rpm","LGPLv2+","weak-copyleft"
"libsepol","3.6-3.el9","rpm","LGPLv2+","weak-copyleft"
"libserf","1.3.9-27.el9","rpm","ASL 2.0","permissive"
"libsigsegv","2.13-4.el9","rpm","GPLv2+","copyleft"
"libsmartcols","2.37.4-26.el9","rpm","LGPLv2+","weak-copyleft"
"libsolv","0.7.24-6.el9","rpm","BSD","permissive"
"libss","1.46.5-8.el9","rpm","MIT","permissive"
"libstdc++","11.5.0-15.el9","rpm","GPLv3+ and GPLv3+ with exceptions and GPLv2+ with exceptions and LGPLv2+ and BSD","weak-copyleft"
"libtasn1","4.16.0-10.el9","rpm","GPLv3+ and LGPLv2+","weak-copyleft"
"libtirpc","1.3.3-9.el9","rpm","SISSL and BSD","permissive"
"libtool-ltdl","2.4.6-46.el9","rpm","LGPLv2+","weak-copyleft"
"libunistring","0.9.10-15.el9","rpm","GPLv2+ or LGPLv3+","weak-copyleft"
"libutempter","1.2.1-6.el9","rpm","LGPLv2+","weak-copyleft"
"libuuid","2.37.4-26.el9","rpm","BSD","permissive"
"libverto","0.3.2-3.el9","rpm","MIT","permissive"
"libxcrypt","4.4.18-3.el9","rpm","LGPLv2+ and BSD and Public Domain","weak-copyleft"
"libxml2","2.9.13-16.el9","rpm","MIT","permissive"
"libxslt","1.1.34-16.el9","rpm","MIT","permissive"
"libyaml","0.2.5-7.el9","rpm","MIT","permissive"
"libzstd","1.5.5-1.el9","rpm","BSD and GPLv2","copyleft"
"lockfile","0.12.2","python","UNKNOWN","unknown"
"logrotate","3.18.0-12.el9","rpm","GPLv2+","copyleft"
"lua-libs","5.4.4-4.el9","rpm","MIT","permissive"
"lz4-libs","1.9.3-5.el9","rpm","GPLv2+ and BSD","copyleft"
"markdown","3.9","python","BSD-3-Clause","permissive"
"markupsafe","3.0.3","python","BSD-3-Clause","permissive"
"maturin","1.9.6","python","MIT OR Apache-2.0","permissive"
"more-itertools","10.3.0","python","MIT","permissive"
"more-itertools","10.8.0","python","MIT","permissive"
"mpdecimal","2.5.1-3.el9","rpm","BSD","permissive"
"mpfr","4.1.0-10.el9","rpm","LGPLv3+","weak-copyleft"
"msal","1.34.0","python","MIT","permissive"
"msal-extensions","1.3.1","python","MIT License","permissive"
"msgpack","1.1.1","python","Apache 2.0","permissive"
"msrest","0.7.1","python","MIT License","permissive"
"msrestazure","0.6.4.post1","python","MIT License","permissive"
"multidict","6.7.0","python","Apache License 2.0","permissive"
"my-test-package","1.0","python","UNKNOWN","unknown"
"ncurses-base","6.2-12.20210508.el9","rpm","MIT","permissive"
"ncurses-libs","6.2-12.20210508.el9","rpm","MIT","permissive"
"nettle","3.10.1-1.el9","rpm","LGPLv3+ or GPLv2+","weak-copyleft"
"nginx","2:1.20.1-31.el9","rpm","BSD","permissive"
"nginx-core","2:1.20.1-31.el9","rpm","BSD","permissive"
"nginx-filesystem","2:1.20.1-31.el9","rpm","BSD","permissive"
"npth","1.6-8.el9","rpm","LGPLv2+","weak-copyleft"
"oauthlib","3.3.1","python","BSD-3-Clause","permissive"
"opa-python-client","2.0.2","python","MIT","permissive"
"openldap","2.6.13-1.el9","rpm","OLDAP-2.8","permissive"
"openshift","0.13.2","python","Apache License Version 2.0","permissive"
"openssh","9.9p1-11.el9","rpm","BSD","permissive"
"openssh-clients","9.9p1-11.el9","rpm","BSD","permissive"
"openssl","1:3.5.7-2.el9","rpm","Apache-2.0","permissive"
"openssl-fips-provider","1:3.5.7-2.el9","rpm","Apache-2.0","permissive"
"openssl-libs","1:3.5.7-2.el9","rpm","Apache-2.0","permissive"
"opentelemetry-api","1.37.0","python","Apache-2.0","permissive"
"opentelemetry-exporter-otlp","1.37.0","python","Apache-2.0","permissive"
"opentelemetry-exporter-otlp-proto-common","1.37.0","python","Apache-2.0","permissive"
"opentelemetry-exporter-otlp-proto-grpc","1.37.0","python","Apache-2.0","permissive"
"opentelemetry-exporter-otlp-proto-http","1.37.0","python","Apache-2.0","permissive"
"opentelemetry-instrumentation","0.58b0","python","Apache-2.0","permissive"
"opentelemetry-instrumentation-logging","0.58b0","python","Apache-2.0","permissive"
"opentelemetry-proto","1.37.0","python","Apache-2.0","permissive"
"opentelemetry-sdk","1.37.0","python","Apache-2.0","permissive"
"opentelemetry-semantic-conventions","0.58b0","python","Apache-2.0","permissive"
"p11-kit","0.26.4-1.el9","rpm","BSD-3-Clause","permissive"
"p11-kit-trust","0.26.4-1.el9","rpm","BSD-3-Clause","permissive"
"packaging","23.2","python","Apache-2.0;BSD-2-Clause;sha256:cad1ef5bd340d73e074ba614d26f7deaca5c7940c3d8c34852e65c4909686c48","permissive"
"packaging","24.2","python","Apache-2.0;BSD-2-Clause;sha256:cad1ef5bd340d73e074ba614d26f7deaca5c7940c3d8c34852e65c4909686c48","permissive"
"packaging","25.0","python","UNKNOWN","unknown"
"packaging","26.3","python","Apache-2.0 OR BSD-2-Clause","permissive"
"pam","1.5.1-30.el9","rpm","BSD and GPLv2+","copyleft"
"pcre","8.44-4.el9","rpm","BSD","permissive"
"pcre2","10.40-6.el9","rpm","BSD","permissive"
"pcre2-syntax","10.40-6.el9","rpm","BSD","permissive"
"pexpect","4.9.0","python","ISC license","permissive"
"pip","23.2.1","python","MIT","permissive"
"pip","25.3","python","MIT","permissive"
"pkgconf","1.7.3-10.el9","rpm","ISC","permissive"
"pkgconf-m4","1.7.3-10.el9","rpm","GPLv2+ with exceptions","permissive"
"pkgconf-pkg-config","1.7.3-10.el9","rpm","ISC","permissive"
"pkgconfig","1.5.5","python","MIT","permissive"
"platformdirs","4.11.3","python","MIT","permissive"
"platformdirs","4.2.2","python","MIT","permissive"
"popt","1.18-8.el9","rpm","MIT","permissive"
"postgresql","13.23-3.el9","rpm","PostgreSQL","permissive"
"postgresql-private-libs","13.23-3.el9","rpm","PostgreSQL","permissive"
"prometheus-client","0.23.1","python","Apache-2.0 AND BSD-2-Clause","permissive"
"propcache","0.4.1","python","Apache-2.0","permissive"
"protobuf","6.32.1","python","3-Clause BSD License","permissive"
"psutil","7.1.0","python","BSD-3-Clause","permissive"
"psycopg","3.2.10","python","GNU Lesser General Public License v3 (LGPLv3)","weak-copyleft"
"psycopg2","2.9.6","python","LGPL with exceptions","weak-copyleft"
"ptyprocess","0.7.0","python","UNKNOWN","unknown"
"pyasn1","0.6.2","python","BSD-2-Clause","permissive"
"pyasn1-modules","0.4.2","python","BSD","permissive"
"pycares","4.11.0","python","MIT","permissive"
"pycparser","2.23","python","BSD-3-Clause","permissive"
"pygerduty","0.38.3","python","MIT","permissive"
"pygithub","2.8.1","python","UNKNOWN","unknown"
"pyjwt","2.10.1","python","MIT","permissive"
"pynacl","1.6.0","python","Apache-2.0","permissive"
"pyopenssl","25.3.0","python","Apache License, Version 2.0","permissive"
"pyparsing","3.3.2","python","MIT","permissive"
"pyproject-hooks","1.2.0","python","MIT","permissive"
"python-daemon","3.1.2","python","sha256:ddb1f170cba72138b3bcde9defefdd3e6920d62cc23802e18a158539030a9bfe","permissive"
"python-dateutil","2.9.0.post0","python","Dual License","permissive"
"python-dateutil","2.9.0.post0","python","Dual License","permissive"
"python-discovery","1.5.2","python","MIT","permissive"
"python-dsv-sdk","1.0.4","python","MIT","permissive"
"python-string-utils","1.0.0","python","MIT","permissive"
"python-tss-sdk","2.0.0","python","UNKNOWN","unknown"
"python3","3.9.25-9.el9","rpm","Python","permissive"
"python3-dateutil","1:2.9.0.post0-1.el9","rpm","(Apache-2.0 AND BSD-3-Clause) OR BSD-3-Clause","permissive"
"python3-dbus","1.2.18-2.el9","rpm","MIT","permissive"
"python3-dnf","4.14.0-37.el9","rpm","GPLv2+","copyleft"
"python3-dnf-plugins-core","4.3.0-26.el9","rpm","GPLv2+","copyleft"
"python3-gpg","1.15.1-6.el9","rpm","LGPLv2+ and GPLv3+","weak-copyleft"
"python3-hawkey","0.69.0-20.el9","rpm","LGPLv2+","weak-copyleft"
"python3-libcomps","0.1.18-1.el9","rpm","GPLv2+","copyleft"
"python3-libdnf","0.69.0-20.el9","rpm","LGPLv2+","weak-copyleft"
"python3-libs","3.9.25-9.el9","rpm","Python","permissive"
"python3-pip-wheel","21.3.1-2.el9","rpm","MIT and Python and ASL 2.0 and BSD and ISC and LGPLv2 and MPLv2.0 and (ASL 2.0 or BSD)","weak-copyleft"
"python3-rpm","4.16.1.3-40.el9","rpm","GPLv2+","copyleft"
"python3-setuptools-wheel","53.0.0-15.el9","rpm","MIT and (BSD or ASL 2.0)","permissive"
"python3-six","1.15.0-9.el9","rpm","MIT","permissive"
"python3-systemd","234-19.el9","rpm","LGPLv2+","weak-copyleft"
"python3.12","3.12.13-4.el9","rpm","Python-2.0.1","permissive"
"python3.12-devel","3.12.13-4.el9","rpm","Python-2.0.1","permissive"
"python3.12-libs","3.12.13-4.el9","rpm","Python and CC0","permissive"
"python3.12-packaging","23.2-2.el9","rpm","BSD or ASL 2.0","permissive"
"python3.12-pip","23.2.1-5.el9","rpm","MIT and Python and ASL 2.0 and BSD and ISC and LGPLv2 and MPLv2.0 and (ASL 2.0 or BSD)","weak-copyleft"
"python3.12-pip-wheel","23.2.1-5.el9","rpm","MIT and Python and ASL 2.0 and BSD and ISC and LGPLv2 and MPLv2.0 and (ASL 2.0 or BSD)","weak-copyleft"
"python3.12-psycopg2","2.9.6-2.el9","rpm","LGPLv3+ with exceptions","weak-copyleft"
"python3.12-setuptools","68.2.2-5.el9","rpm","MIT and ASL 2.0 and (BSD or ASL 2.0) and Python","permissive"
"pytz","2025.2","python","MIT","permissive"
"pyyaml","6.0.3","python","MIT","permissive"
"pyzstd","0.18.0","python","BSD-3-Clause","permissive"
"readline","8.1-4.el9","rpm","GPLv3+","copyleft"
"receptorctl","1.6.0","python","Apache-2.0","permissive"
"redis","7.0.1","python","MIT","permissive"
"referencing","0.36.2","python","MIT","permissive"
"requests","2.32.5","python","Apache-2.0","permissive"
"requests-oauthlib","2.0.0","python","ISC","permissive"
"rootfiles","8.1-35.el9","rpm","Public Domain","permissive"
"rpds-py","0.27.1","python","MIT","permissive"
"rpm","4.16.1.3","python","GNU General Public License v2","permissive"
"rpm","4.16.1.3-40.el9","rpm","GPLv2+","copyleft"
"rpm-build-libs","4.16.1.3-40.el9","rpm","GPLv2+ and LGPLv2+ with exceptions","weak-copyleft"
"rpm-libs","4.16.1.3-40.el9","rpm","GPLv2+ and LGPLv2+ with exceptions","weak-copyleft"
"rpm-sign-libs","4.16.1.3-40.el9","rpm","GPLv2+ and LGPLv2+ with exceptions","weak-copyleft"
"rsync","3.2.5-9.el9","rpm","GPLv3+","copyleft"
"rsyslog","8.2604.0-3.el9","rpm","GPL-3.0-or-later AND Apache-2.0","copyleft"
"s3transfer","0.14.0","python","Apache License 2.0","permissive"
"sed","4.8-10.el9","rpm","GPLv3+","copyleft"
"semantic-version","2.10.0","python","BSD","permissive"
"service-identity","24.2.0","python","MIT","permissive"
"setup","2.13.7-10.el9","rpm","Public Domain","permissive"
"setuptools","68.2.2","python","MIT","permissive"
"setuptools","80.9.0","python","MIT","permissive"
"setuptools-rust","1.10.2","python","MIT","permissive"
"setuptools-scm","9.2.2","python","MIT","permissive"
"shadow-utils","2:4.9-17.el9","rpm","BSD and GPLv2+","copyleft"
"six","1.15.0","python","MIT","permissive"
"six","1.17.0","python","MIT","permissive"
"slack-sdk","3.37.0","python","MIT","permissive"
"smmap","5.0.2","python","BSD-3-Clause","permissive"
"sqlite-libs","3.34.1-10.el9","rpm","Public Domain","permissive"
"sqlparse","0.5.3","python","UNKNOWN","unknown"
"stdlib","go1.26.5","go-module","BSD-3-Clause","permissive"
"subversion","1.14.1-7.el9","rpm","ASL 2.0","permissive"
"subversion-libs","1.14.1-7.el9","rpm","ASL 2.0","permissive"
"sudo","1.9.17p2-4.el9","rpm","ISC","permissive"
"supervisor","4.3.0","python","BSD-derived (http://www.repoze.org/LICENSE.txt)","permissive"
"systemd","252-76.el9","rpm","LGPLv2+ and MIT and GPLv2+","weak-copyleft"
"systemd-libs","252-76.el9","rpm","LGPLv2+ and MIT","weak-copyleft"
"systemd-pam","252-76.el9","rpm","LGPLv2+ and MIT and GPLv2+","weak-copyleft"
"systemd-python","234","python","LGPLv2+","weak-copyleft"
"systemd-rpm-macros","252-76.el9","rpm","LGPLv2+ and MIT and GPLv2+","weak-copyleft"
"tar","2:1.34-11.el9","rpm","GPLv3+","copyleft"
"tempora","5.8.1","python","MIT","permissive"
"tomli","2.0.1","python","MIT","permissive"
"tpm2-tss","3.2.3-1.el9","rpm","BSD","permissive"
"twilio","9.8.3","python","MIT","permissive"
"twisted","25.5.0","python","MIT License","permissive"
"txaio","25.9.2","python","MIT","permissive"
"typeguard","4.3.0","python","MIT","permissive"
"typing-extensions","4.12.2","python","sha256:3b2f81fe21d181c499c59a256c8e1968455d6689d269aa85373bfb6af41da3bf","permissive"
"typing-extensions","4.15.0","python","PSF-2.0","permissive"
"tzdata","2026b-1.el9","rpm","Public Domain","permissive"
"unzip","6.0-59.el9","rpm","BSD","permissive"
"uritemplate","4.2.0","python","BSD 3-Clause OR Apache-2.0","permissive"
"urllib3","2.6.3","python","MIT","permissive"
"utf8proc","2.6.1-4.el9","rpm","Unicode and MIT","permissive"
"util-linux","2.37.4-26.el9","rpm","GPLv2 and GPLv2+ and LGPLv2+ and BSD with advertising and Public Domain","weak-copyleft"
"util-linux-core","2.37.4-26.el9","rpm","GPLv2 and GPLv2+ and LGPLv2+ and BSD with advertising and Public Domain","weak-copyleft"
"uwsgi","2.0.30","python","GPLv2+","copyleft"
"uwsgitop","0.12","python","MIT","permissive"
"vim-minimal","2:8.2.2637-40.el9","rpm","Vim and MIT","permissive"
"virtualenv","21.7.4","python","MIT","permissive"
"websocket-client","1.8.0","python","Apache-2.0","permissive"
"wheel","0.45.1","python","MIT","permissive"
"wheel","0.46.3","python","MIT","permissive"
"which","2.21-30.el9","rpm","GPLv3","copyleft"
"wrapt","1.17.3","python","BSD","permissive"
"xmlsec1","1.2.29-13.el9","rpm","MIT","permissive"
"xmlsec1-openssl","1.2.29-13.el9","rpm","MIT","permissive"
"xz-libs","5.2.5-8.el9","rpm","Public Domain","permissive"
"yarl","1.22.0","python","Apache-2.0","permissive"
"yum","4.14.0-37.el9","rpm","GPLv2+","copyleft"
"zipp","3.19.2","python","MIT","permissive"
"zipp","3.23.0","python","MIT","permissive"
"zlib","1.2.11-41.el9","rpm","zlib and Boost","permissive"
"zope-interface","8.0.1","python","ZPL-2.1","permissive"
